params,mean_test_score,std_test_score,rank_test_score,split0_test_score,split1_test_score,split2_test_score
"{'clf__max_depth': 30, 'clf__n_estimators': 100, 'tfidf__max_features': 10000}",0.4403723600339286,0.03002162256631743,1,0.44674532361792085,0.4735381234771234,0.4008336330067415
"{'clf__max_depth': 30, 'clf__n_estimators': 200, 'tfidf__max_features': 10000}",0.4388470294811908,0.0387790615009211,2,0.44191919829424764,0.4847308222405344,0.3898910679087903
"{'clf__max_depth': None, 'clf__n_estimators': 200, 'tfidf__max_features': 20000}",0.42828242424324015,0.01870926653406632,3,0.40895075167513545,0.4535933814329868,0.4223031396215982
"{'clf__max_depth': None, 'clf__n_estimators': 200, 'tfidf__max_features': 10000}",0.4259357156804778,0.013600173025779842,4,0.416895984538908,0.44515794518237334,0.4157532173201519
"{'clf__max_depth': 30, 'clf__n_estimators': 200, 'tfidf__max_features': 20000}",0.4247723755081907,0.028800142713533285,5,0.4269310448312943,0.4589162922659066,0.38846978942737115
"{'clf__max_depth': 30, 'clf__n_estimators': 100, 'tfidf__max_features': 20000}",0.4230074582029672,0.040243595626923936,6,0.4155863999155096,0.4755853220795794,0.3778506526138125
"{'clf__max_depth': None, 'clf__n_estimators': 100, 'tfidf__max_features': 10000}",0.4210656346885315,0.011509478212497199,7,0.4132629105154771,0.4373379407445117,0.4125960528056057
"{'clf__max_depth': None, 'clf__n_estimators': 100, 'tfidf__max_features': 20000}",0.4166133629313779,0.0146819829404045,8,0.39975027359821547,0.43553624203166347,0.41455357316425473
